"Item";"Ambiente";"Situação";"Quantidade";"Preço (R$)";"Desconto/cashback (R$)";"Link";"Observações"
"Jogo de cama casal 400 fios";"Quarto";"Comprei";"2";"289,00";"30,00";"https://www.exemplo.com.br/jogo-de-cama";"Cor areia"
"Travesseiro de plumas";"Quarto";"Preciso comprar";"2";"159,90";"";"";""
"Cortina blackout";"Quarto";"Pesquisando";"1";"";"";"";"Comparar tamanhos de 2,20 m"
"Toalhas de banho";"Banheiro";"Ganhei";"4";"120,00";"";"";"Presente da tia Marta"
"Cesto de roupa suja";"Banheiro";"Já tenho";"1";"";"";"";""
"Jogo de panelas antiaderente";"Cozinha";"Preciso comprar";"1";"3499,00";"";"https://www.exemplo.com.br/panelas";"Conjunto com 5 peças"
"Jogo de pratos de cerâmica";"Cozinha";"Comprei";"1";"219,90";"";"";""
"Liquidificador";"Eletrodomésticos";"Preciso comprar";"1";"249,90";"";"";""
"Sofá de 3 lugares";"Sala de Estar";"Pesquisando";"1";"2499,00";"";"";""
"Mesa de jantar (não preciso mais)";"Sala de Estar";"Não preciso";"1";"";"";"";"Já ganhamos uma"